T,s1,s2,s3,s4,v_x,v_y
2803602,3852,3920,3124,3661,+000.0000,+000.0000
2992988,3537,3622,3593,3644,+000.0000,+000.0000
3081746,3701,3775,3336,3647,+000.0000,+000.0000
7218345,2835,2889,2963,2927,-000.5400,+000.1020
7305393,48,28,32,32,-000.0060,-000.0250
7392708,50,27,33,32,-000.0060,-000.0250
7479936,50,32,40,32,-000.0060,-000.0210
7567252,48,27,31,32,-000.0060,-000.0250
7654488,49,28,35,32,-000.0060,-000.0240
7741806,48,23,35,32,-000.0080,-000.0250
20006,48,32,33,30,-000.0040,-000.0220
107324,49,27,34,30,-000.0060,-000.0240
194552,48,27,35,32,-000.0070,-000.0240
281873,52,26,36,32,-000.0060,-000.0250
369105,46,27,32,32,-000.0070,-000.0240
456420,48,28,32,32,-000.0060,-000.0250
543653,48,27,34,32,-000.0070,-000.0240
630972,48,25,32,32,-000.0070,-000.0260
718197,52,25,34,32,-000.0060,-000.0260
805516,48,30,32,32,-000.0050,-000.0240
892742,48,25,32,32,-000.0070,-000.0260
980060,49,25,35,32,-000.0070,-000.0250
1067287,48,27,34,32,-000.0070,-000.0240
1154611,50,26,34,32,-000.0060,-000.0250
1241846,49,25,33,32,-000.0070,-000.0260
1329158,48,27,34,32,-000.0070,-000.0240
1416387,50,26,34,32,-000.0060,-000.0250
1503702,46,27,33,31,-000.0070,-000.0240
1590928,49,26,36,32,-000.0070,-000.0240
1678246,49,27,32,32,-000.0060,-000.0250
1765474,45,28,34,32,-000.0070,-000.0230
1852794,49,27,34,32,-000.0060,-000.0250
1940028,50,27,34,30,-000.0050,-000.0240
2027349,49,27,33,32,-000.0060,-000.0250
2114584,49,27,33,32,-000.0060,-000.0250
2201812,49,25,32,32,-000.0060,-000.0260
2289125,51,26,35,31,-000.0060,-000.0250
2376359,48,27,34,32,-000.0070,-000.0240
2463684,50,32,35,32,-000.0050,-000.0230
2550915,48,26,34,27,-000.0050,-000.0230
2638233,47,43,32,32,-000.0010,-000.0190
2725464,64,56,30,27,+000.0120,-000.0200
2812778,92,83,32,32,+000.0280,-000.0210
2900010,95,89,33,27,+000.0320,-000.0180
2987326,112,113,33,31,+000.0450,-000.0170
3074559,147,153,30,30,+000.0730,-000.0160
3161876,184,202,36,32,+000.1000,-000.0110
3249107,241,256,32,32,+000.1410,-000.0130
3336422,275,285,30,32,+000.1650,-000.0160
3423652,315,321,33,32,+000.1920,-000.0160
3510971,370,387,34,32,+000.2370,-000.0120
3598204,411,440,32,33,+000.2730,-000.0090
3685524,440,481,33,32,+000.3000,-000.0040
3772755,481,528,32,32,+000.3350,-000.0020
3860074,558,626,32,32,+000.4050,+000.0060
3947306,599,683,34,34,+000.4430,+000.0120
4034623,625,722,33,32,+000.4720,+000.0170
4121855,683,803,33,27,+000.5320,+000.0280
4209088,739,876,30,30,+000.5880,+000.0320
4296410,769,921,33,31,+000.6200,+000.0390
4383647,832,1005,33,32,+000.6870,+000.0470
4470967,857,1038,33,32,+000.7130,+000.0510
4558193,898,1096,32,32,+000.7600,+000.0580
4645514,961,1164,33,27,+000.8250,+000.0630
4732748,995,1225,35,32,+000.8690,+000.0730
4820065,1025,1269,34,32,+000.9070,+000.0790
4907300,1075,1338,32,32,+000.9690,+000.0870
4994539,1112,1381,32,32,+001.0110,+000.0900
5081862,1145,1430,36,32,+001.0530,+000.0990
5169090,1158,1450,33,32,+001.0720,+000.1010
5256411,1176,1466,30,34,+001.0910,+000.0980
5343644,1205,1502,34,32,+001.1270,+000.1040
5430965,1245,1541,32,34,+001.1710,+000.1030
5518207,1247,1552,33,27,+001.1800,+000.1100
5605529,1267,1572,33,30,+001.2020,+000.1100
5692760,1291,1582,40,29,+001.2200,+000.1070
5779995,1314,1621,35,36,+001.2560,+000.1100
5867313,1339,1643,35,31,+001.2850,+000.1110
5954549,1360,1670,32,32,+001.3150,+000.1120
6041871,1371,1686,34,32,+001.3310,+000.1160
6129103,1393,1709,33,27,+001.3600,+000.1190
6216423,1416,1725,34,27,+001.3840,+000.1160
6303656,1433,1743,33,32,+001.4040,+000.1150
6390975,1466,1777,33,32,+001.4470,+000.1160
6478212,1503,1817,32,32,+001.4970,+000.1180
6565447,1509,1823,33,32,+001.5050,+000.1180
6652776,1530,1844,34,32,+001.5320,+000.1190
6740016,1530,1840,33,32,+001.5300,+000.1170
6827338,1545,1856,32,32,+001.5510,+000.1170
6914570,1548,1860,40,32,+001.5530,+000.1210
7001888,1544,1856,32,27,+001.5520,+000.1200
7089116,1562,1870,33,32,+001.5710,+000.1170
7176429,1603,1913,30,32,+001.6300,+000.1170
7263662,1636,1941,32,32,+001.6720,+000.1170
7350982,1657,1963,32,32,+001.7020,+000.1180
7438205,1695,2000,32,36,+001.7550,+000.1160
7525519,1715,2016,32,32,+001.7830,+000.1170
7612749,1747,2050,34,32,+001.8320,+000.1190
7700070,1800,2109,33,32,+001.9180,+000.1230
7787307,1859,2166,32,34,+002.0110,+000.1220
65511,1963,2280,30,27,+002.1990,+000.1330
152830,2039,2355,33,32,+002.3340,+000.1340
240061,2081,2401,33,30,+002.4180,+000.1380
327372,2120,2451,34,32,+002.5050,+000.1450
414602,2156,2493,33,32,+002.5860,+000.1480
501921,2200,2534,32,32,+002.6770,+000.1480
589148,2239,2577,34,27,+002.7680,+000.1550
676459,2271,2617,34,32,+002.8500,+000.1580
763690,2313,2651,34,32,+002.9410,+000.1550
851004,2339,2676,34,32,+003.0040,+000.1560
938234,2361,2702,32,32,+003.0650,+000.1580
1025562,2396,2725,30,32,+003.1420,+000.1510
1112800,2415,2748,34,30,+003.1980,+000.1570
1200121,2465,2792,30,32,+003.3300,+000.1530
1287360,2501,2824,33,32,+003.4300,+000.1530
1374596,2530,2843,32,32,+003.5040,+000.1480
1461916,2568,2877,34,34,+003.6180,+000.1470
1549154,2614,2916,34,30,+003.7630,+000.1470
1636476,2654,2950,34,32,+003.8960,+000.1440
1723714,2708,2994,34,32,+004.0870,+000.1400
1811036,2747,3031,32,32,+004.2480,+000.1390
1898278,2800,3416,33,32,+005.2200,+000.3050
1985519,2836,3411,35,30,+005.3500,+000.2860
2072852,2867,3416,32,32,+005.4690,+000.2640
2160082,3418,3415,32,32,+020.0000,-000.0070
2247403,3417,3413,32,32,+020.0000,-000.0070
2334635,3416,3415,32,32,+020.0000,-000.0070
2421873,3417,3414,32,26,+020.0000,-000.0030
2509200,3419,3414,40,32,+020.0000,-000.0010
2596437,3420,3415,32,32,+020.0000,-000.0070
2683753,3418,3415,33,32,+020.0000,-000.0060
2770986,3420,3413,32,32,+020.0000,-000.0070
2858317,3420,3415,35,32,+020.0000,-000.0050
2945559,3420,3415,34,30,+020.0000,-000.0040
3032804,3418,3413,32,30,+020.0000,-000.0050
3120054,3417,3416,34,27,+020.0000,-000.0020
3207383,3421,3414,32,32,+020.0000,-000.0070
3294622,3420,3415,32,32,+020.0000,-000.0070
3381956,3418,3415,32,27,+020.0000,-000.0030
3469198,3415,3414,33,32,+020.0000,-000.0060
3556438,3418,3414,32,32,+020.0000,-000.0070
3643770,3417,3414,34,32,+020.0000,-000.0050
3731014,3418,3416,34,32,+020.0000,-000.0050
3818258,3418,3414,32,32,+020.0000,-000.0070
3905583,3417,3413,34,34,+020.0000,-000.0070
3992816,3418,3415,32,32,+020.0000,-000.0070
4080052,3415,3415,34,32,+020.0000,-000.0050
4167376,3418,3416,32,29,+020.0000,-000.0050
4254618,3420,3414,35,32,+020.0000,-000.0050
4341947,3420,3414,33,32,+020.0000,-000.0060
4429181,3420,3414,32,32,+020.0000,-000.0070
4516422,3415,3413,32,30,+020.0000,-000.0050
4603750,3418,3413,33,27,+020.0000,-000.0030
4690988,3420,3414,34,32,+020.0000,-000.0050
4778316,3419,3413,34,32,+020.0000,-000.0050
4865550,3415,3415,32,32,+020.0000,-000.0070
4952793,3418,3416,32,32,+020.0000,-000.0070
5040119,3417,3413,31,32,+020.0000,-000.0070
5127361,3417,3411,36,31,+020.0000,-000.0030
5214607,3420,3415,33,32,+020.0000,-000.0060
5301938,3418,3414,34,32,+020.0000,-000.0050
5389182,3419,3414,33,27,+020.0000,-000.0030
5476426,3417,3415,32,32,+020.0000,-000.0070
5563757,3419,3414,32,30,+020.0000,-000.0050
5651002,3418,3414,33,36,+020.0000,-000.0090
5738250,3415,3415,34,31,+020.0000,-000.0050
5825581,3417,3413,33,32,+020.0000,-000.0060
5912822,3416,3416,32,32,+020.0000,-000.0070
6000069,3415,3414,33,30,+020.0000,-000.0050
6087403,3416,3415,31,32,+020.0000,-000.0070
6174643,3415,3416,35,29,+020.0000,-000.0030
6261880,3417,3414,32,34,+020.0000,-000.0080
6349203,3417,3415,34,32,+020.0000,-000.0050
6436447,3418,3414,30,32,+020.0000,-000.0080
6523690,3416,3414,33,33,+020.0000,-000.0070
6611021,3418,3415,33,32,+020.0000,-000.0060
6698270,3419,3415,32,32,+020.0000,-000.0070
6785517,3418,3415,34,32,+020.0000,-000.0050
6872846,3420,3415,32,32,+020.0000,-000.0070
6960080,3419,3414,32,32,+020.0000,-000.0070
7047405,3417,3415,34,31,+020.0000,-000.0050
7134643,3420,3415,32,32,+020.0000,-000.0070
7221879,3420,3415,34,33,+020.0000,-000.0060
7309211,3419,3413,33,32,+020.0000,-000.0060
7396455,3415,3413,32,32,+020.0000,-000.0070
7483688,3417,3414,33,32,+020.0000,-000.0060
7571011,3418,3415,36,34,+020.0000,-000.0050
7658243,3416,3414,30,32,+020.0000,-000.0080
7745560,3419,3413,34,30,+020.0000,-000.0040
23770,3418,3414,34,34,+020.0000,-000.0070
111092,3415,3413,33,32,+020.0000,-000.0060
198333,3418,3413,34,34,+020.0000,-000.0070
285572,3420,3413,34,29,+020.0000,-000.0030
372898,3419,3414,32,27,+020.0000,-000.0030
460136,3416,3416,33,32,+020.0000,-000.0060
547465,3418,3414,32,32,+020.0000,-000.0070
634703,3417,3414,33,32,+020.0000,-000.0060
721934,3418,3413,33,32,+020.0000,-000.0060
809259,3420,3413,32,32,+020.0000,-000.0070
896496,3419,3413,32,32,+020.0000,-000.0070
983824,3417,3413,32,32,+020.0000,-000.0070
1071067,3418,3413,33,32,+020.0000,-000.0060
1158301,3419,3412,34,33,+020.0000,-000.0060
1245630,3418,3413,34,32,+020.0000,-000.0050
1332871,3418,3415,33,32,+020.0000,-000.0060
1420195,3418,3414,34,32,+020.0000,-000.0050
1507426,3418,3415,32,32,+020.0000,-000.0070
1594662,3421,3415,36,32,+020.0000,-000.0040
1681990,3419,3413,32,32,+020.0000,-000.0070
1769225,3419,3415,32,32,+020.0000,-000.0070
1856543,3419,3415,33,32,+020.0000,-000.0060
1943779,3415,3416,33,30,+020.0000,-000.0050
2031102,3415,3414,34,31,+020.0000,-000.0050
2118336,3418,3415,36,36,+020.0000,-000.0070
2205567,3420,3414,32,32,+020.0000,-000.0070
2292884,3418,3415,33,32,+020.0000,-000.0060
2380120,3418,3414,35,32,+020.0000,-000.0050
2467444,3415,3417,33,32,+020.0000,-000.0060
2554687,3419,3413,34,31,+020.0000,-000.0050
2642012,3416,3414,33,32,+020.0000,-000.0060
2729250,3417,3415,34,32,+020.0000,-000.0050
2816486,3420,3415,33,32,+020.0000,-000.0060
2903811,3418,3416,33,27,+020.0000,-000.0030
2991048,3415,3411,32,32,+020.0000,-000.0070
3078376,3420,3413,32,31,+020.0000,-000.0060
3165616,3417,3412,31,32,+020.0000,-000.0070
3252851,3418,3413,36,32,+020.0000,-000.0040
3340172,3417,3415,35,36,+020.0000,-000.0070
3427411,3415,3415,33,32,+020.0000,-000.0060
3514737,3419,3415,32,32,+020.0000,-000.0070
3601967,3417,3413,34,32,+020.0000,-000.0050
3689201,3417,3415,40,32,+020.0000,-000.0010
3776529,3420,3415,35,32,+020.0000,-000.0050
3863763,3420,3414,32,32,+020.0000,-000.0070
3951079,3419,3414,32,32,+020.0000,-000.0070
4038309,3416,3414,30,32,+020.0000,-000.0080
4125629,3417,3413,34,34,+020.0000,-000.0070
4212865,3417,3415,32,32,+020.0000,-000.0070
4300194,3419,3413,32,29,+020.0000,-000.0050
4387428,3417,3412,32,34,+020.0000,-000.0080
4474670,3418,3415,34,32,+020.0000,-000.0050
4561999,3420,3414,32,32,+020.0000,-000.0070
4649228,3416,3415,32,32,+020.0000,-000.0070
4736544,3419,3413,32,32,+020.0000,-000.0070
4823775,3420,3415,35,32,+020.0000,-000.0050
4911096,3419,3414,34,34,+020.0000,-000.0070
4998322,3418,3415,32,32,+020.0000,-000.0070
5085639,3418,3414,32,32,+020.0000,-000.0070
5172876,3417,3415,31,32,+020.0000,-000.0070
5260111,3415,3414,32,32,+020.0000,-000.0070
5347432,3418,3413,33,27,+020.0000,-000.0030
5434683,3418,3413,42,32,+020.0000,+000.0000
5521990,3419,3416,55,27,+020.0000,+000.0120
5609228,3418,3415,83,27,+020.0000,+000.0310
5696547,3417,3413,225,32,+020.0000,+000.1280
5783780,3418,3413,387,34,+020.0000,+000.2460
5871019,3417,3411,632,33,+020.0000,+000.4410
5958345,3417,3413,815,32,+020.0000,+000.5990
6045578,3420,3414,988,32,+020.0000,+000.7580
6132900,3420,3414,1162,32,+020.0000,+000.9290
6220133,3415,3413,1413,34,+020.0000,+001.2010
6307458,3417,3414,1646,30,+020.0000,+001.4890
6394695,3418,3412,1694,30,+020.0000,+001.5530
6481931,3418,3416,1705,30,+020.0000,+001.5680
6569253,3418,3412,1705,32,+020.0000,+001.5660
6656491,3418,3413,1706,32,+020.0000,+001.5680
6743813,3420,3414,1713,32,+020.0000,+001.5770
6831046,3420,3414,1721,32,+020.0000,+001.5880
6918365,3415,3412,1769,32,+020.0000,+001.6540
7005592,3417,3414,1842,32,+020.0000,+001.7590
7092913,3416,3413,2010,58,+020.0000,+002.0030
7180147,3418,3414,2172,208,+020.0000,+002.1850
7267464,3416,3413,2316,412,+020.0000,+002.3270
7354691,3417,3412,2468,688,+020.0000,+002.4660
7442007,3417,3415,2621,924,+020.0000,+002.6880
7529242,3417,3414,2725,1169,+020.0000,+002.8030
7616478,3418,3413,2837,1370,+020.0000,+003.0380
7703797,3415,3412,2910,1622,+020.0000,+003.0990
7791028,3416,3412,3011,1896,+020.0000,+003.3330
69306,3417,3415,3423,2095,+020.0000,+020.0000
156537,3417,3413,3419,2351,+020.0000,+020.0000
243850,3420,3415,3421,2709,+000.0000,+000.0000
331163,3419,3415,3425,2988,+000.0000,+000.0000
5237703,3419,3417,3424,3172,+000.0000,+000.0000
5351322,3420,3415,3420,3133,+000.0000,+000.0000
5438300,3415,3420,3424,3068,+000.0000,+000.0000
5525627,3420,3416,3418,2982,+000.0000,+000.0000
5612865,3424,3415,3423,2895,+000.0000,+000.0000
5700107,3420,3417,3423,2746,+000.0000,+000.0000
5787432,3418,3414,3422,2604,+000.0000,+000.0000
5874675,3417,3414,3418,2454,+020.0000,+020.0000
5961918,3417,3413,3418,2276,+020.0000,+020.0000
6049240,3417,3414,3422,2111,+020.0000,+020.0000
6136481,3417,3413,3419,1953,+020.0000,+020.0000
6223806,3417,3414,3423,1795,+020.0000,+020.0000
6311050,3417,3414,2926,1642,+020.0000,+003.1580
6398289,3415,3413,2868,1488,+020.0000,+003.0500
6485615,3417,3413,2823,1378,+020.0000,+002.9700
6572848,3417,3414,2750,1205,+020.0000,+002.8590
6660166,3417,3414,2640,995,+020.0000,+002.6840
6747397,3415,3416,2567,833,+020.0000,+002.6090
6834712,3417,3413,2484,713,+020.0000,+002.4860
6921941,3417,3413,2381,539,+020.0000,+002.3760
7009264,3415,3414,2250,323,+020.0000,+002.2560
7096503,3417,3407,2145,167,+020.0000,+002.1630
7183742,3417,3412,2078,115,+020.0000,+002.0790
7271066,3415,3414,2033,73,+020.0000,+002.0310
7358299,3417,3414,1963,43,+020.0000,+001.9370
7445615,3415,3413,1899,32,+020.0000,+001.8440
7532854,3417,3413,1826,33,+020.0000,+001.7350
7620179,3417,3413,1699,32,+020.0000,+001.5580
7707416,3415,3414,1634,32,+020.0000,+001.4720
7794652,3420,3414,1588,32,+020.0000,+001.4130
72946,3418,3414,1491,32,+020.0000,+001.2940
160178,3416,3416,1345,32,+020.0000,+001.1250
247494,3416,3413,1170,32,+020.0000,+000.9380
334732,3418,3415,1024,34,+020.0000,+000.7910
422050,3418,3413,816,34,+020.0000,+000.5980
509281,3415,3413,592,32,+020.0000,+000.4090
596606,3417,3413,371,32,+020.0000,+000.2360
683837,3418,3411,198,32,+020.0000,+000.1090
771077,3419,3414,88,32,+020.0000,+000.0310
858399,3417,3415,38,31,+020.0000,-000.0020
945639,3420,3414,34,31,+020.0000,-000.0050
1032968,3420,3414,32,32,+020.0000,-000.0070
1120209,3417,3415,32,32,+020.0000,-000.0070
1207450,3419,3414,33,32,+020.0000,-000.0060
1294775,3418,3414,31,34,+020.0000,-000.0090
1382019,3417,3415,40,32,+020.0000,-000.0010
1469253,3418,3415,34,32,+020.0000,-000.0050
1556576,3418,3413,33,32,+020.0000,-000.0060
1643806,3419,3415,36,36,+020.0000,-000.0070
1731133,3415,3413,35,32,+020.0000,-000.0050
1818367,3419,3414,33,29,+020.0000,-000.0040
1905690,3418,3414,32,32,+020.0000,-000.0070
1992926,3418,3414,33,32,+020.0000,-000.0060
2080163,3418,3414,32,32,+020.0000,-000.0070
2167482,3416,3415,30,32,+020.0000,-000.0080
2254716,3419,3413,32,32,+020.0000,-000.0070
2342037,3417,3414,34,32,+020.0000,-000.0050
2429273,3418,3414,30,32,+020.0000,-000.0080
2516598,3415,3414,32,32,+020.0000,-000.0070
2603837,3419,3415,33,34,+020.0000,-000.0070
2691066,3418,3415,33,34,+020.0000,-000.0070
2778386,3419,3415,34,30,+020.0000,-000.0040
2865622,3418,3413,32,32,+020.0000,-000.0070
2952942,3418,3415,36,32,+020.0000,-000.0040
3040182,3418,3415,33,32,+020.0000,-000.0060
3127510,3417,3414,32,27,+020.0000,-000.0030
3214751,3417,3413,32,32,+020.0000,-000.0070
3301995,3420,3414,32,31,+020.0000,-000.0060
3389318,3419,3411,34,34,+020.0000,-000.0070
3476558,3417,3413,32,29,+020.0000,-000.0050
3563807,2848,3411,34,34,+005.3940,+000.2760
3651137,2678,2963,32,32,+003.9670,+000.1370
3738378,2474,2801,33,32,+003.3550,+000.1550
3825620,2200,2528,34,34,+002.6690,+000.1450
3912948,1981,2295,33,32,+002.2250,+000.1310
4000186,1842,2145,30,32,+001.9810,+000.1200
4087513,1645,1954,32,32,+001.6870,+000.1190
4174747,1430,1741,34,32,+001.4010,+000.1150
4261984,1280,1589,32,32,+001.2190,+000.1100
4349307,946,1152,35,32,+000.8090,+000.0630
4436538,529,597,34,32,+000.3810,+000.0060
4523862,145,184,34,32,+000.0810,-000.0040
4611101,48,26,34,32,-000.0070,-000.0250
4698338,50,26,65,32,-000.0170,-000.0150
4785665,50,27,286,147,-000.1340,+000.0220
4872902,49,28,414,288,-000.2330,+000.0190
4960224,49,27,526,411,-000.3230,+000.0150
5047464,48,26,755,682,-000.5290,-000.0010
5134707,49,26,1098,1058,-000.8590,-000.0150
5222030,48,26,1378,1368,-001.1720,-000.0280
5309265,50,23,1737,1732,-001.6230,-000.0340
5396592,48,25,2121,2108,-002.2160,-000.0310
5483830,48,24,2456,2449,-002.9110,-000.0380
5571071,48,24,2729,2717,-003.6750,-000.0370
5658405,51,32,2930,2904,-004.4450,-000.0280
5745646,49,24,3071,3055,-005.3000,-000.0390
5832884,48,25,3422,3423,-020.0000,-000.0450
5920213,49,26,3423,3421,-020.0000,-000.0450
6007450,49,25,3421,3421,-020.0000,-000.0450
6094777,50,26,3422,3421,-020.0000,-000.0450
6182012,48,23,3425,3421,-020.0000,-000.0460
6269257,48,27,3423,3421,-020.0000,-000.0430
6356588,48,26,3421,3420,-020.0000,-000.0440
6443827,48,26,3419,3421,-020.0000,-000.0440
6531068,47,26,3423,3421,-020.0000,-000.0430
6618399,50,27,3422,3421,-020.0000,-000.0450
6705639,49,26,3423,3419,-020.0000,-000.0450
6792970,48,25,3421,3421,-020.0000,-000.0450
6880209,48,27,3423,3421,-020.0000,-000.0430
6967450,48,27,3419,3423,-020.0000,-000.0430
7054775,48,26,3422,3421,-020.0000,-000.0440
7142013,49,27,3420,3420,-020.0000,-000.0440
7229252,48,26,3427,3421,-020.0000,-000.0440
7316583,48,26,3423,3421,-020.0000,-000.0440
7403819,49,26,3423,3421,-020.0000,-000.0450
7491067,49,26,3420,3420,-020.0000,-000.0450
7578389,48,25,3421,3421,-020.0000,-000.0450
7665627,48,26,3425,3420,-020.0000,-000.0440
7752955,49,27,3423,3419,-020.0000,-000.0440
31168,48,26,3424,3420,-020.0000,-000.0440
118409,48,25,3423,3421,-020.0000,-000.0450
205734,51,27,3421,3420,-020.0000,-000.0450
292968,47,25,3423,3421,-020.0000,-000.0440
380296,48,24,3423,3422,-020.0000,-000.0450
467533,48,24,3423,3422,-020.0000,-000.0450
554770,48,26,3423,3421,-020.0000,-000.0440
642097,48,28,3424,3421,-020.0000,-000.0430
729336,48,26,3424,3422,-020.0000,-000.0440
816663,47,32,3425,3420,-020.0000,-000.0390
903902,48,25,3423,3421,-020.0000,-000.0450
991137,50,32,3423,3423,-020.0000,-000.0410
1078457,50,23,3423,3423,-020.0000,-000.0470
1165687,49,30,3422,3420,-020.0000,-000.0420
1253009,48,26,3419,3421,-020.0000,-000.0440
1340238,50,26,3423,3422,-020.0000,-000.0450
1427565,49,30,3423,3420,-020.0000,-000.0420
1514802,49,27,3425,3422,-020.0000,-000.0440
1602041,45,27,3424,3421,-020.0000,-000.0410
1689370,50,27,3425,3421,-020.0000,-000.0450
1776614,50,32,3423,3423,-020.0000,-000.0410
1863857,66,26,3423,3421,-020.0000,-000.0560
1951188,105,26,3428,3422,-020.0000,-000.0830
2038433,256,27,3429,3423,-020.0000,-000.1900
2125677,367,25,3424,3421,-020.0000,-000.2740
2213010,544,32,3423,3420,-020.0000,-000.4070
2300255,650,26,3425,3422,-020.0000,-000.4980
2387495,718,28,3426,3421,-020.0000,-000.5550
2474820,744,27,3425,3422,-020.0000,-000.5780
2562061,865,27,3423,3420,-020.0000,-000.6850
2649392,918,26,3428,3422,-020.0000,-000.7350
2736629,1030,26,3423,3423,-020.0000,-000.8410
2823866,1088,30,3428,3421,-020.0000,-000.8950
2911194,1088,26,3425,3420,-020.0000,-000.8980
2998434,1128,26,3421,3421,-020.0000,-000.9380
3085681,1186,26,3426,3421,-020.0000,-000.9980
3173008,1280,25,3423,3422,-020.0000,-001.0990
3260253,1337,28,3426,3422,-020.0000,-001.1590
3347500,1416,25,3424,3421,-020.0000,-001.2510
3434829,1523,27,3423,3423,-020.0000,-001.3780
3522068,1592,58,3428,3421,-020.0000,-001.4440
3609308,1674,133,3426,3421,-020.0000,-001.5010
3696630,1748,256,3424,3422,-020.0000,-001.5170
3783868,1863,485,3423,3423,-020.0000,-001.5180
3871192,2088,915,3423,3423,-020.0000,-001.5340
3958433,2253,1229,3429,3422,-020.0000,-001.5530
4045671,2306,1331,3426,3423,-020.0000,-001.5590
4132998,2350,1426,3427,3421,-020.0000,-001.5520
4220236,2441,1615,3423,3423,-020.0000,-001.5470
4307557,2569,1931,3428,3422,-020.0000,-001.4610
4394790,2697,2389,3425,3421,-020.0000,-001.0250
4482119,2746,2709,3423,3421,-020.0000,-000.3030
4569357,2809,2881,3428,3421,-020.0000,+000.1370
4656594,3418,2980,3423,3421,+000.0000,+000.0000
4743919,3420,3031,3422,3421,+000.0000,+000.0000
4831242,3415,3067,3423,3424,+000.0000,+000.0000
4936814,3417,3126,3423,3420,+000.0000,+000.0000
180110,3420,3141,3419,3420,+000.0000,+000.0000
271536,3420,3086,3421,3420,+000.0000,+000.0000
358596,3420,3005,3419,3420,+000.0000,+000.0000
445835,2868,2936,3424,3421,-020.0000,+000.1350
533158,2794,2848,3423,3422,-020.0000,+000.0500
620399,2749,2666,3426,3423,-020.0000,-000.4630
707644,2575,1915,3423,3421,-020.0000,-001.5030
794968,2252,1197,3422,3422,-020.0000,-001.5830
882210,2029,778,3427,3422,-020.0000,-001.5500
969460,1869,474,3423,3423,-020.0000,-001.5350
1056792,1630,72,3421,3422,-020.0000,-001.4830
1144042,1283,25,3426,3422,-020.0000,-001.1020
1231292,947,26,3423,3421,-020.0000,-000.7620
1318546,617,26,3423,3423,-020.0000,-000.4710
1405876,425,26,3423,3421,-020.0000,-000.3180
1493116,351,26,3421,3421,-020.0000,-000.2610
1580356,245,27,3423,3422,-020.0000,-000.1820
1667685,115,27,3425,3421,-020.0000,-000.0900
1754931,81,25,3427,3421,-020.0000,-000.0670
1842174,49,26,3424,3422,-020.0000,-000.0450
1929505,47,26,3428,3420,-020.0000,-000.0430
2016753,48,25,3423,3421,-020.0000,-000.0450
2103996,51,26,3415,3423,-020.0000,-000.0460
2191328,48,26,3420,3419,-020.0000,-000.0440
2278574,49,26,3415,3421,-020.0000,-000.0450
2365818,48,25,3421,3421,-020.0000,-000.0450
2453146,51,26,3421,3422,-020.0000,-000.0460
2540385,50,27,3420,3421,-020.0000,-000.0450
2627629,48,28,3417,3420,-020.0000,-000.0430
2714952,51,25,3421,3423,-020.0000,-000.0470
2802191,50,26,3415,3419,-020.0000,-000.0450
2889521,48,28,3417,3420,-020.0000,-000.0430
2976769,50,26,3415,3422,-020.0000,-000.0450
3064017,50,26,3421,3423,-020.0000,-000.0450
3151258,48,25,3421,3421,-020.0000,-000.0450
3238596,49,25,3420,3424,-020.0000,-000.0450
3325851,49,23,3423,3423,-020.0000,-000.0470
3413100,49,26,3417,3420,-020.0000,-000.0450
3500350,48,32,3421,3423,-020.0000,-000.0400
3587684,52,26,3415,3423,-020.0000,-000.0470
3674934,48,32,3421,3421,-020.0000,-000.0400
3762187,49,23,3419,3423,-020.0000,-000.0470
3849441,50,25,3420,3421,-020.0000,-000.0460
3936778,49,26,3420,3421,-020.0000,-000.0450
4024030,48,25,3421,3422,-020.0000,-000.0450
4111274,48,27,3421,3421,-020.0000,-000.0430
4198609,49,28,3417,3421,-020.0000,-000.0430
4285861,48,26,3423,3422,-020.0000,-000.0440
4373113,49,26,3422,3422,-020.0000,-000.0450
4460366,51,26,3423,3421,-020.0000,-000.0460
4547708,48,30,3422,3419,-020.0000,-000.0410
4634957,51,27,3426,3423,-020.0000,-000.0450
4722208,52,28,3426,3419,-020.0000,-000.0450
4809456,45,26,3421,3421,-020.0000,-000.0420
4896792,48,25,3426,3422,-020.0000,-000.0450
4984040,49,27,3424,3423,-020.0000,-000.0440
5071286,50,26,3423,3422,-020.0000,-000.0450
5158531,48,25,3423,3420,-020.0000,-000.0450
5245880,50,25,3422,3422,-020.0000,-000.0460
5333133,50,26,3423,3422,-020.0000,-000.0450
5420382,48,27,3426,3422,-020.0000,-000.0430
5507635,48,26,3422,3421,-020.0000,-000.0440
5594973,49,25,3426,3421,-020.0000,-000.0450
5682221,51,23,3423,3421,-020.0000,-000.0480
5769469,48,27,3423,3421,-020.0000,-000.0430
5856717,48,26,3425,3420,-020.0000,-000.0440
5944052,50,26,3429,3421,-020.0000,-000.0450
6031296,46,26,3423,3420,-020.0000,-000.0430
6118544,49,26,3427,3415,-020.0000,-000.0450
6205878,48,25,3426,3420,-020.0000,-000.0450
6293127,50,27,3428,3421,-020.0000,-000.0450
6380373,50,27,3424,3421,-020.0000,-000.0450
6467707,49,26,3422,3421,-020.0000,-000.0450
6554951,48,26,3424,3420,-020.0000,-000.0440
6642199,50,26,3423,3420,-020.0000,-000.0450
6729446,49,27,3428,3420,-020.0000,-000.0440
6816773,47,25,3422,3419,-020.0000,-000.0440
6904020,48,26,3424,3420,-020.0000,-000.0440
6991275,49,24,2921,2906,-004.4310,-000.0380
7078612,51,26,2614,2601,-003.3160,-000.0360
7165856,49,27,2296,2282,-002.5480,-000.0320
7253104,49,26,2051,2032,-002.0890,-000.0280
7340352,48,32,1833,1831,-001.7590,-000.0310
7427681,48,26,1663,1675,-001.5340,-000.0390
7514936,50,27,1570,1575,-001.4090,-000.0360
7602182,51,26,1536,1529,-001.3590,-000.0310
7689515,50,27,1437,1452,-001.2530,-000.0390
7776760,50,27,1321,1318,-001.1110,-000.0310
54974,50,27,1194,1198,-000.9780,-000.0330
142295,49,26,1122,1106,-000.8950,-000.0240
229531,48,26,1050,1032,-000.8230,-000.0230
316773,48,30,994,936,-000.7490,-000.0050
404108,51,26,896,832,-000.6560,-000.0050
491358,51,32,841,787,-000.6090,-000.0070
578600,48,27,732,690,-000.5220,-000.0120
665931,49,25,651,595,-000.4480,-000.0080
753178,49,26,536,448,-000.3420,+000.0040
840420,48,26,434,343,-000.2620,+000.0060
927754,48,26,320,205,-000.1690,+000.0140
1014998,49,32,217,122,-000.0990,+000.0090
1102241,51,25,142,78,-000.0590,-000.0050
1189577,48,27,89,49,-000.0310,-000.0120
1276819,48,26,72,34,-000.0210,-000.0130
1364062,48,25,51,32,-000.0130,-000.0190
1451396,48,28,45,32,-000.0100,-000.0200
1538634,49,30,37,32,-000.0060,-000.0230
1625874,49,27,35,32,-000.0070,-000.0240
1713205,48,27,34,27,-000.0050,-000.0230
1800452,48,25,34,33,-000.0080,-000.0250
1887696,49,25,32,32,-000.0060,-000.0260
1975025,49,26,35,31,-000.0070,-000.0240
2062267,49,27,32,32,-000.0060,-000.0250
2149519,48,26,33,32,-000.0070,-000.0250
2236855,48,25,32,30,-000.0060,-000.0250
2324103,51,27,35,32,-000.0060,-000.0250
2411347,48,28,34,33,-000.0070,-000.0240
2498598,47,32,35,32,-000.0060,-000.0220
2585934,48,26,35,32,-000.0070,-000.0240
2673182,49,27,34,32,-000.0060,-000.0250
2760426,48,26,35,32,-000.0070,-000.0240
2847748,46,28,34,32,-000.0070,-000.0230
2934994,49,26,32,27,-000.0040,-000.0240
3022240,48,26,32,32,-000.0060,-000.0250
3109573,48,29,33,32,-000.0060,-000.0240
3196817,48,26,34,30,-000.0060,-000.0240
3284062,48,26,33,32,-000.0070,-000.0250
3371396,49,25,32,32,-000.0060,-000.0260
